store,websites,attribute_set,type,category_ids,sku,has_options,name,meta_title,meta_description,image,small_image,thumbnail,url_key,url_path,page_layout,options_container,image_label,small_image_label,thumbnail_label,country_of_manufacture,msrp_enabled,msrp_display_actual_price_type,gift_message_available,price,special_price,weight,msrp,status,is_recurring,visibility,tax_class_id,description,short_description,meta_keyword,custom_layout_update,special_from_date,special_to_date,news_from_date,news_to_date,custom_design_from,custom_design_to,qty,min_qty,use_config_min_qty,is_qty_decimal,backorders,use_config_backorders,min_sale_qty,use_config_min_sale_qty,max_sale_qty,use_config_max_sale_qty,is_in_stock,low_stock_date,notify_stock_qty,use_config_notify_stock_qty,manage_stock,use_config_manage_stock,stock_status_changed_auto,use_config_qty_increments,qty_increments,use_config_enable_qty_inc,enable_qty_increments,is_decimal_divided,stock_status_changed_automatically,use_config_enable_qty_increments,product_name,store_id,product_type_id,product_status_changed,product_changed_websites,custom_design,size,website,_media_image,_media_lable,_media_position,_media_is_disabled,color
admin,base,Default,simple,6,vh1,0,Những cánh cửa sổ đều mở,,,/n/x/nxbtre_full_11212017_092104.u5426.d20170712.t104443.599851_2.jpg,/n/x/nxbtre_full_11212017_092104.u5426.d20170712.t104443.599851_2.jpg,/n/x/nxbtre_full_11212017_092104.u5426.d20170712.t104443.599851_2.jpg,nh-ng-canh-c-a-s-d-u-m,nh-ng-canh-c-a-s-d-u-m.html,No layout updates,Product Info Column,,,,Việt Nam,Use config,Use config,No,50000,45000,100,,Enabled,No,"Catalog, Search",None,<p>T&aacute;c giả: Tiểu Quỳ</p>,<p>T&aacute;c giả: Tiểu Quỳ</p>,,,9/29/2017 0:00,,9/29/2017 0:00,5/10/2017 0:00,,,1000,0,1,0,0,1,1,1,0,1,1,,0,1,0,1,0,1,0,1,0,0,0,1,Những cánh cửa sổ đều mở,0,simple,,,,,,,,,,
admin,base,Default,simple,"6,11",vh2,0,"Vấp, Nhưng Đừng Ngã",,,/8/9/8935251406399_2_1.png,/8/9/8935251406399_2_1.png,/8/9/8935251406399_2_1.png,vap-nhung-dung-nga,vap-nhung-dung-nga.html,No layout updates,Product Info Column,,,,Việt Nam,Use config,Use config,No,40000,35000,100,,Enabled,No,"Catalog, Search",None,"<p>Bằng kinh nghiệm của một người đã trải qua nhiều năm kinh doanh, tác giả nói về những khó khăn m  những người khởi nghiệp thường gặp phải. Qua từng chương sách, tác giả dẫn dắt từ những ng y đầu như lên ý tưởng kinh doanh, tìm các đồng sáng lập, tìm kiếm khách h ng đến khi việc kinh doanh gặp những vấn đề không của riêng ai: Bất đồng giữa các sáng lập viên, công ty không được thị trường đón nhận, kinh doanh đã lâu m  chưa tìm được điểm hòa vốn, thiếu kinh phí,... Những chương cuối tác giả tập trung nhìn v o các vấn đề con người như mất niềm tin, không còn năng lượng để tiếp tục, ho i nghi v o chiến lược mình đã lựa chọn,

Ở Vấp, nhưng đừng ngã tác giả tập trung v o khía cạnh con người trong bối cảnh khởi sự kinh doanh. Tác giả tiếp cận trực tiếp v o vấn đề, nói lên những khó khăn, đôi khi có phần không lối thoát bằng một giọng văn h i hước, khiến những khó khăn ấy chỉ như những cú sa chân vấp.  Những cú vấp ấy không đáng sợ, bởi khi đã chấp nhận khởi nghiệp thì mỗi người đều phải chấp nhận thử sai v  sai rất nhiều lần trước khi đạt được th nh tựu.

Tác giả tự nhận mình nghĩ sao viết vậy nên có thể đôi chỗ độc giả thấy sao người n y xuề xòa vậy, nhưng đấy l  dụng ý riêng, bởi anh muốn nhìn thật  nói thật. Bởi anh không có tham vọng đưa ra một cẩm nang khởi nghiệp m  muốn mỗi người, sắp, đang hay đã khởi sự kinh doanh sẽ tìm thấy một phần của mình trong đó.</p>","<p>Cuốn sách Vấp, Nhưng Đừng Ngã của tác giả Vũ Thái H  sẽ đem đến những b i học về cuộc sống cũng như tiếp thêm nguồn động lực giúp ta vượt qua những thử thách trong cuộc sống..</p>",,,9/29/2017 0:00,,9/29/2017 0:00,5/10/2017 0:00,,,1000,0,1,0,0,1,1,1,0,1,1,,0,1,0,1,0,1,0,1,0,0,0,1,"Vấp, Nhưng Đừng Ngã",0,simple,,,,,,,,,,
admin,base,Default,simple,"6,11",vh3,0,Nghệ Thuật Bán Mình Cho Sếp,,,/n/g/nghe_thuat_ban_minh_cho_sep_outline_13.7.2017-02_9.jpg,/n/g/nghe_thuat_ban_minh_cho_sep_outline_13.7.2017-02_9.jpg,/n/g/nghe_thuat_ban_minh_cho_sep_outline_13.7.2017-02_9.jpg,nghe-thuat-ban-minh-cho-sep,nghe-thuat-ban-minh-cho-sep.html,No layout updates,Product Info Column,,,,Việt Nam,Use config,Use config,No,80000,75000,100,,Enabled,No,"Catalog, Search",None,"<p>Nghệ Thuật Bán Mình Cho Sếp

Nếu đang đi tìm việc, bạn phải thuyết phục được người chủ rằng họ sẽ thu được lợi ích từ bạn, rằng bạn sẽ là nhân tố không thể thiếu trong doanh nghiệp của họ, rằng bạn có các tố chất đáng ghi điểm. Nói cách khác, họ phải thấy chính bản thân bạn đã là một thành công của họ.

Được viết bởi tác giả truyền cảm hứng số 1 thế giới Orison Swett Marden, cuốn sách Nghệ thuật bán mình cho sếp mang đến cái nhìn về những gì mà người chủ tìm kiếm trong một nhân viên, đồng thời đưa ra những phương thức để giúp bạn hoàn thành công việc một cách tốt nhất, trở nên nổi bật, được người chủ để mắt và thành công trong sự nghiệp.

Hãy biến mỗi việc bạn làm thành một kiệt tác!</p>",<p>Tác giả: Orison Swett Marden</p>,,,9/29/2017 0:00,,11/20/2017 0:00,5/10/2018 0:00,,,1000,0,1,0,0,1,1,1,0,1,1,,0,1,0,1,0,1,0,1,0,0,0,1,Nghệ Thuật Bán Mình Cho Sếp,0,simple,,,,,,,,,,
admin,base,Default,simple,"6,11",vh4,0,Tôi Biết Ơn & Tôi Giàu Có,,,/9/7/9786045866986_8.jpg,/9/7/9786045866986_8.jpg,/9/7/9786045866986_8.jpg,toi-biet-on-vi-toi-giau-co,toi-biet-on-vi-toi-giau-co.html,No layout updates,Product Info Column,,,,Việt Nam,Use config,Use config,No,80000,75000,100,,Enabled,No,"Catalog, Search",None,"<p>Tôi Biết Ơn & Tôi Giàu Có

Tôi biết ơn & tôi giàu có là cuốn sách dành cho bất cứ ai quan tâm đến việc tìm kiếm, bắt sóng và kết nối với nguồn năng lượng huyền vi và vô tận của Vũ trụ. Cuốn sách này còn cho độc giả biết thêm nhiều khía cạnh mới mẻ về sự sung túc và viên mãn cũng như cách thức để phát triển nguồn vốn sáng tạo, vốn xã hội, vốn tinh thần và rất, rất nhiều tài sản tinh thần quý giá khác trong đời bạn.

 
 Chúng ta ở đây vào thời điểm đặc biệt này trên Trái Đất là để mở mang vũ trụ chứ không phải để chiến thắng một giải thưởng hàn lâm nào cả. Chúng ta không phải dùng tài năng của mình để vượt lên và đánh bại bất kỳ ai, cũng không phải để chịu đựng những đau khổ hay giằng xé niềm tin vinh quang rồi sẽ đến sau cơn bĩ cực.
 
 Cuộc sống hàng ngày chính là ngôi đền thiêng liêng để bạn đạt được sự thanh tĩnh, sự hài lòng và rung động thần thánh, cũng như ""lấy ra"" niềm hạnh phúc đích thực.
 
 Một trong những cách tốt nhất mà chúng ta có thể phụng sự người lữ hành trong chính mình, là hình dung ra cách làm cho bản thân biết mãn nguyện và sung sướng. Bạn hãy giúp người khác biết rằng có thể tự làm cho bản thân vui sướng mới là điều tốt đẹp nhất.</p>",<p>T&aacute;c giả: Pam Grout</p>,,,9/29/2017 0:00,,11/20/2017 0:00,5/10/2018 0:00,,,1000,0,1,0,0,1,1,1,0,1,1,,0,1,0,1,0,1,0,1,0,0,0,1,Tôi Biết Ơn & Tôi Giàu Có,0,simple,,,,,,,,,,
admin,base,Default,simple,"6,11",vh5,0,Làm Chủ Giao Tiếp Để Thành Công,,,/8/9/8936066684835_1_3.jpg,/8/9/8936066684835_1_3.jpg,/8/9/8936066684835_1_3.jpg,lam-chu-giao-tiep-de-thanh-cong,lam-chu-giao-tiep-de-thanh-cong.html,No layout updates,Product Info Column,,,,Việt Nam,Use config,Use config,No,60000,,100,,Enabled,No,"Catalog, Search",None,"Làm Chủ Giao Tiếp Để Thành Công

Giao tiếp là việc hằng ngày ai cũng phải làm, nhưng lại rất ít người trong chúng ta chịu đặt ra câu hỏi: Giao tiếp như thế nào cho hiệu quả?. Vì không chịu nâng cao kỹ năng đối thoại, chúng ta rất dễ thụ động trong các tình huống xã hội. VD: Khi bạn kể chuyện, người nghe dù rất chăm chú vẫn không hiểu bạn muốn nói gì. Nếu phải đứng trước đám đông phát biểu, bạn sẽ lúng túng như gà mắc tóc. Bạn rất tự tin khi gặp gỡ nhà tuyển dụng, nhưng cuối cùng lại không gây được ấn tượng nào với họ           

Việc đặt ra những câu hỏi như Phải dùng giọng điệu thế nào cho hay?, Không nên nói điều gì để tránh gây nhàm chán chỉ mất thêm của bạn khoảng vài phút trước cuộc hội thoại nhưng lại tạo ra hiệu quả hoàn toàn khác biệt. Nếu muốn tiến bộ, hãy học hỏi và luyện tập từ những điều nhỏ nhất.

Cuốn sách Làm chủ giao tiếp để thành công của Satoshi Noguchi sẽ giúp bạn tìm ra các vấn đề để cải thiện kỹ năng giao tiếp và cung cấp các kỹ thuật nhằm giải quyết các vấn đề đó. Bên cạnh các lời khuyên, tác giả cũng liên tục đưa ra những ví dụ cụ thể, thực tế trong cuộc sống để độc giả dễ dàng tham khảo và áp dụng. Hãy nhớ rằng, mọi rào cản khó khăn trong khi trò chuyện đều có thể được phá vỡ. Ngưng trì hoãn, bắt đầu thay đổi và thực hành ngay hôm nay, bạn sẽ trở nên tự tin hơn rất nhiều trong lần tiếp theo phải xử lý các tình huống tương tác ngoài xã hội.",<p>T&aacute;c giả: Satoshi Noguchi </p><p>Người dịch: Hoàng Linh</p>,,,9/29/2017 0:00,,11/20/2017 0:00,5/10/2018 0:00,,,1000,0,1,0,0,1,1,1,0,1,1,,0,1,0,1,0,1,0,1,0,0,0,1,Làm Chủ Giao Tiếp Để Thành Công,0,simple,,,,,,,,,,
admin,base,T-shirt,configurable,"25,27",tt1,1,áo thun,,,,,,ao-thun,ao-thun.html,No layout updates,Product Info Column,,,, ,Use config,Use config,No,50000,,,,Enabled,,"Catalog, Search",None,abc,abc,,,,,10/8/2017 0:00,10/29/2017 0:00,,,0,0,1,0,0,1,1,1,0,1,1,,,1,0,1,0,1,0,1,0,0,0,1,áo thun,0,configurable,,,,,,,,,,
admin,base,T-shirt,simple,,tt1-small,0,áo thun-small,,,,,,ao-thun-small,ao-thun-small.html,No layout updates,Product Info Column,,,, ,Use config,Use config,No,80000,,500,,Enabled,No,Not Visible Individually,None,abc,abc,,,,,10/8/2017 0:00,10/29/2017 0:00,,,200,0,1,0,0,1,1,1,0,1,1,,0,1,0,1,0,1,0,1,0,0,0,1,áo thun-small,0,simple,,,,small,,,,,,
admin,base,Default,grouped,,gr1,0,edf,,,,,,edf,edf.html,No layout updates,Product Info Column,,,, ,,,No,,,,,Enabled,,"Catalog, Search",,edf,edf,,,,,10/8/2017 0:00,10/29/2017 0:00,,,0,0,1,0,0,1,1,1,0,1,0,,,1,0,1,0,1,0,1,0,0,0,1,edf,0,grouped,,,,,,,,,,
admin,base,Default,simple,"6,16",vh6,0,Bật Đèn Soi Bí Mật - Trên Trạm Vũ Trụ,,,/9/7/9786042091848_2.jpg,/9/7/9786042091848_2.jpg,/9/7/9786042091848_2.jpg,bat-den-soi-bi-mat-tren-tren-tram-vu-tru,bat-den-soi-bi-mat-tren-tren-tram-vu-tru.html,No layout updates,Product Info Column,,,,Việt Nam,Use config,Use config,No,60000,,100,,Enabled,No,"Catalog, Search",None,a,"tac gia: Carron Brown, Bee Johnson",,,9/29/2017 0:00,,11/20/2017 0:00,5/10/2018 0:00,,,1000,0,1,0,0,1,1,1,0,1,1,,0,1,0,1,0,1,0,1,0,0,0,1,Bật Đèn Soi Bí Mật - Trên Trạm Vũ Trụ,0,simple,,,,,,,,,,
admin,base,Default,simple,"6,16",vh7,0,Bật Đèn Soi Bí Mật - Ngoài Công Trường,,,/9/7/9786042091879_2.jpg,/9/7/9786042091879_2.jpg,/9/7/9786042091879_2.jpg,bat-den-soi-bi-mat-bi-mat-cua-cay-tao,bat-den-soi-bi-mat-bi-mat-cua-cay-tao.html,No layout updates,Product Info Column,,,,Việt Nam,Use config,Use config,No,60000,,100,,Enabled,No,"Catalog, Search",None,"
Bật Đèn Soi Bí Mật - Ngoài Công Trường

Những trang sách có thể nhìn xuyên thấu trong cuốn sách tranh được minh họa tuyệt đẹp về các sự vật thực tế đem lại những trải nghiệm tương tự giống như các cuốn sách lật giở trước đó, nhưng ""Bật đèn soi bí mật"" mở rộng sự tương tác với các bé, giúp các em có thể nhìn thấy những thứ nổi bật trên bề mặt và được ẩn giấu cùng lúc trong mỗi bức tranh.

Là một món quà về cả mặt hình ảnh lẫn niềm vui dành cho trẻ em, ""Bật đèn soi bí mật"" là một sự lựa chọn lí tưởng cho các phụ huynh cùng đọc sách và chơi đùa với con.

Trong cuốn “Bật đèn soi bí mật: Ngoài Công Trường”: Chúng ta có thể thấy gì trên các công trường xây dựng ngày nay?

Hãy soi đèn vào phía sau trang sách và cùng xem nhé...

Từ người lái cẩu ngồi trên buồng lái và những kĩ sư đang đào bới sâu trong lòng đất tới những chiếc máy ủi và tất cả những loại máy móc khác... mỗi lần lật sang trang sách mới, em sẽ thấy những hình ảnh khác nhau của một công trường xây dựng bận rộn.
","tac gia: Carron Brown, Bee Johnson",,,9/29/2017 0:00,,11/20/2017 0:00,5/10/2018 0:00,,,1000,0,1,0,0,1,1,1,0,1,1,,0,1,0,1,0,1,0,1,0,0,0,1,Bật Đèn Soi Bí Mật - Ngoài Công Trường,0,simple,,,,,,,,,,
admin,base,Default,simple,"6,16",vh8,0,Bật Đèn Soi Bí Mật - Bí Mật Của Cây Táo,,,/9/7/9786042091831_2.jpg,/9/7/9786042091831_2.jpg,/9/7/9786042091831_2.jpg,bat-den-soi-bi-mat-tren-ngoai-cong-truong,bat-den-soi-bi-mat-tren-ngoai-cong-truong.html,No layout updates,Product Info Column,,,,Việt Nam,Use config,Use config,No,60000,,100,,Enabled,No,"Catalog, Search",None,"

Bật Đèn Soi Bí Mật - Bí Mật Của Cây Táo

Những trang sách có thể nhìn xuyên thấu trong cuốn sách tranh được minh họa tuyệt đẹp về các sự vật thực tế đem lại những trải nghiệm tương tự giống như các cuốn sách lật giở trước đó, nhưng ""Bật đèn soi bí mật"" mở rộng sự tương tác với các bé, giúp các em có thể nhìn thấy những thứ nổi bật trên bề mặt và được ẩn giấu cùng lúc trong mỗi bức tranh.

Là một món quà về cả mặt hình ảnh lẫn niềm vui dành cho trẻ em, ""Bật đèn soi bí mật"" là một sự lựa chọn lí tưởng cho các phụ huynh cùng đọc sách và chơi đùa với con.

Trong cuốn “Bật đèn soi bí mật: Bí Mật Của Cây Táo”: Những sinh vật nào sống xung quanh một cây táo?

Hãy soi đèn vào phía sau trang sách và cùng xem nhé… Hãy quan sát kĩ một cái cây, em sẽ phát hiện ra một thế giới nhỏ đầy những bất ngờ!

Từ những con giun đất bò quanh rễ cây đến những chú chim làm tổ trên cành cao, nhiều điều thú vị tiềm ẩn trong thế giới đông đúc này sẽ dần hé mở.
","tac gia: Carron Brown, Bee Johnson",,,9/29/2017 0:00,,11/20/2017 0:00,5/10/2018 0:00,,,1000,0,1,0,0,1,1,1,0,1,1,,0,1,0,1,0,1,0,1,0,0,0,1,Bật Đèn Soi Bí Mật - Bí Mật Của Cây Táo,0,simple,,,,,,,,,,
admin,base,Default,simple,"6,20",vh9,0,Here We Go - Cứ Mơ Và  Cứ Đi ,,,/h/e/here-we-go---bia-2d--1-.u4939.d20170705.t141025.564217_1.jpg,/h/e/here-we-go---bia-2d--1-.u4939.d20170705.t141025.564217_1.jpg,/h/e/here-we-go---bia-2d--1-.u4939.d20170705.t141025.564217_1.jpg,here-we-go,here-we-go.html,No layout updates,Product Info Column,,,,Việt Nam,Use config,Use config,No,120000,110000,100,,Enabled,No,"Catalog, Search",None,"Here We Go - Cứ Mơ Và Cứ Đi khởi đầu bằng những miền đất ở Việt Nam. Đó là những nơi có thể bạn đã từng đi mòn dấu chân, cũng có cả những vùng đất mới bạn còn háo hức tìm hiểu. Những chuyến chu du lên rừng xuống biển đưa bạn đi hết từ ngạc nhiên này đến bất ngờ khác, biên độ dao động từ đẹp đến đẹp… phi thường. Những rung cảm từ trái tim trước một góc xinh xắn ở Hội An mà bạn chưa mày mò ra kịp, cho đến cảm giác nghẹt thở rồi đưa tay lên chạm vào bức ảnh chụp một con đèo đẹp đến lặng người ở miền Tây Bắc. Muôn vàn khung cảnh nơi dải đất hình chữ S tuyệt đẹp đã sẵn sàng để chờ bạn khám phá trong phần đầu tiên của cuốn sách này.

Rong ruổi qua một Việt Nam tươi đẹp, cuốn sách sẽ tiếp tục đưa độc giả bước ra ngoài thế giới. Nơi chúng ta có thể đi xuyên qua những màn mây lãng đãng nhuốm mùi ban sớm ở một đất nước Đông Nam Á huyền bí, hay cùng lần giờ trang sách để ngắm nghía những mùa hoa và miền quê nước Nhật, tiếp tục hít hà mùi sách và tưởng tượng ra ta đang đứng giữa một buổi hoàng hôn lộng lẫy nên trời Âu và cuối cùng, cảm nhận cái thế giới sống động, ồn ã của New York Hoa Lệ.

Tất cả những trải nghiệm trong cuốn sách này đều là những hành trình đích thực đã được các thí sinh của cuộc thi HERE WE GO - mùa thứ nhất ghi lại và được Kenh14.vn tuyển tập thành Here We Go - Cứ Mơ Và Cứ Đi - một cuốn sách của cảm hứng và tuổi trẻ. Thế giới rộng lớn ngoài kia và mỗi chúng ta lại nhỏ bé biết bao, còn quá nhiều cảnh đẹp và sự vĩ đại đang chờ chúng ta tìm đến và tận hưởng. “Hãy cứ mơ và cứ đi!” vì cả thế giới bao la ngoài kia đang chờ đợi bạn và tuổi trẻ thì chỉ có một lần duy nhất!

Với hơn 30 bài viết trong Here We Go - Cứ Mơ Và Cứ Đi, chắc chắn rằng khi bạn đọc mở cuốn sách ra, nó sẽ đủ hấp dẫn và tuyệt vời để cho đến khi gấp sách lại, bạn sẽ sẽ muốn buông hết những âu lo muộn phiền, và mạnh dạn xách ba lô lên.",a,,,9/29/2017 0:00,,11/19/2017 0:00,5/10/2018 0:00,,,1000,0,1,0,0,1,1,1,0,1,1,,0,1,0,1,0,1,0,1,0,0,0,1,Here We Go - Cứ Mơ Và  Cứ Đi ,0,simple,,,,,,,,,,
admin,base,Default,simple,"6,20",vh10,0,Seoul Đến V  Yêu ,,,/b/i/bia_seouldenvayeu-1.u5131.d20170620.t135725.8039_1.jpg,/b/i/bia_seouldenvayeu-1.u5131.d20170620.t135725.8039_1.jpg,/b/i/bia_seouldenvayeu-1.u5131.d20170620.t135725.8039_1.jpg,seoul-den-va-yeu,seoul-den-va-yeu.html,No layout updates,Product Info Column,,,,Việt Nam,Use config,Use config,No,120000,110000,100,,Enabled,No,"Catalog, Search",None,c,a,,,9/29/2017 0:00,,9/29/2017 0:00,5/10/2017 0:00,,,1000,0,1,0,0,1,1,1,0,1,1,,0,1,0,1,0,1,0,1,0,0,0,1,Seoul Đến V  Yêu ,0,simple,,,,,,,,,,
admin,,,,,vh10,,,,,,,,,,,,,,,,,,,,,,,,,,,,,,,,,,,,,,,,,,,,,,,,,,,,,,,,,,,,,,,,,,,,,/b/i/bia_seouldenvayeu-1.u5131.d20170620.t135725.8039.jpg,,1,0,
admin,,,,,vh10,,,,,,,,,,,,,,,,,,,,,,,,,,,,,,,,,,,,,,,,,,,,,,,,,,,,,,,,,,,,,,,,,,,,,/b/i/bia_seouldenvayeu-1.u5131.d20170620.t135725.8039_2.jpg,,3,0,
admin,base,Default,simple,"6,20",vh11,0,Lên Đường Với Trái Tim Trần Trụi - Tôi Là  Một Con Lừa ,,,/9/7/972110_10151666487229085_1359637626_n_1.jpg,/9/7/972110_10151666487229085_1359637626_n_1.jpg,/9/7/972110_10151666487229085_1359637626_n_1.jpg,len-duong-voi,len-duong-voi.html,No layout updates,Product Info Column,,,,Việt Nam,Use config,Use config,No,120000,110000,100,,Enabled,No,"Catalog, Search",None," Tập bút ký Tôi là một con lừa của Nguyễn Phương Mai lại là câu chuyện của một người phụ nữ hiện đại ưa xê dịch, với mong muốn lấp đầy mình bằng những điều mới mẻ của thế giới, đồng thời khám phá chính bản thân mình.

Phương Mai viết văn từ lúc học lớp 10 và là cây bút đóng góp cho báo Hoa Học Trò những số đầu tiên. Năm 17 tuổi, Phương Mai ra tập truyện ngắn đầu tay có tên Đối diện. Hai năm sau khi tốt nghiệp Cao đẳng Sư phạm Hà Nội, Phương Mai trở thành thư ký tòa soạn báo Hoa Học Trò ở tuổi 24.

Nhưng chị sớm từ bỏ vị trí hấp dẫn đó để đi du học Hà Lan, giành học vị Thạc sĩ khoa học ngành Thiết kế giáo dục và Tiến sĩ ngành Giao tiếp đa văn hóa. Từ đó đến nay, Phương Mai là giảng viên tại khoa Kinh tế, Đại học Amsterdam, Hà Lan. Muốn làm ""một hòn đá lăn không bám rêu"", Phương Mai đã đặt chân đến gần 80 quốc gia trên thế giới.

Nguyễn Phương Mai đã tuyên ngôn như vậy trong Tôi là một con lừa - cuốn sách đầu tiên trong xê ri Lên đường với trái tim trần trụi của chị. Tại sao lại là một con lừa? Bởi vì ""Thân lừa ưa nặng"". Con lừa Nguyễn Phương Mai đã khước từ cuộc sống êm ái theo quan niệm của chúng ta - có nhà lầu, xe hơi, có chồng con và một công việc ổn định - để miệt mài lao mình vào những chuyến đi. Phương Mai đã đặt chân đến gần 80 quốc gia trên thế giới, đã chiêm ngưỡng những cảnh tượng thiên nhiên tráng lệ nhất, đã thăm viếng những kỳ quan vĩ đại nhất do bàn tay con người làm nên, đã thử sức với những trò mạo hiểm mà chỉ nghĩ đến thôi cũng khiến nổi da gà. ""Thành tích"" đi phượt, đi bụi của Phương Mai có thể làm ghen tị bất cứ một ""phượt thủ"" dày dạn nào.

Nhưng nếu chỉ có vậy thì Phương Mai khác gì với những người trẻ thích xê dịch hiện nay, mà trong đó có nhiều người đi phượt theo mốt, đi để thể hiện, đi để lấy thành tích, đi để lấy địa điểm? Việc ""ta đã từng đến nơi đây"" có thể có một ý nghĩa nhất định. Nhưng điều quan trọng hơn là ta đã nghĩ gì, cảm gì, ngộ ra điều gì, tâm hồn ta đã thay đổi như thế nào, và từ đó hành động của ta chuyển biến ra sao. Phương Mai lên đường để hiểu ra rằng những định kiến đã khiến chúng ta sai lệch, thậm chí ngu ngốc, để thấy sự lố bịch của con người trước tự nhiên vĩ đại, để thấy sự nguy hiểm của tâm lý đám đông, hay để nhận ra vẻ đẹp cuộc sống ở khắp mọi nơi.

Cô dịch chuyển cũng để chiêm nghiệm về danh tính bản thân - về mẫu hình mà mình muốn trở thành và mẫu hình xã hội muốn mình trở thành; để dò xét sức mạnh của mình và phát hiện ra chế ngự được nỗi sợ hãi của bản thân mới chính là điều khó khăn nhất. Tất cả những trải nghiệm ấy đã khiến Phương Mai thay đổi cách hành xử trong cuộc sống theo hướng tích cực hơn, trong đó có việc đem những câu chuyện còn lấm lem bụi đường nhưng đầy sức thuyết phục tới các sinh viên từ khắp năm châu theo học bộ môn Giao tiếp đa văn hóa mà cô giảng dạy tại Đại học Amsterdam, Hà Lan.

Trong xã hội Việt Nam, dường như những mệnh đề phụ nữ và tự do, độc thân và hạnh phúc được coi là trái ngược nhau, khó có thể sóng đôi. Bằng cách sống của mình, Phương Mai đã chứng minh điều ngược lại. Phương Mai là một trong những điển hình của người phụ nữ hiện đại: độc thân, thành đạt, tự do, tự tin và hạnh phúc. (less)", by Nguyễn Phương Mai ,,,9/29/2017 0:00,,9/29/2017 0:00,5/10/2017 0:00,,,1000,0,1,0,0,1,1,1,0,1,1,,0,1,0,1,0,1,0,1,0,0,0,1,Lên Đường Với Trái Tim Trần Trụi - Tôi Là  Một Con Lừa ,0,simple,,,,,,,,,,
admin,base,Default,simple,"6,20",vh12,0,Những Ngày Ở Châu Âu ,,,/a/n/anh-bia-1-chau-au.u5387.d20170714.t090343.593024_1.jpg,/a/n/anh-bia-1-chau-au.u5387.d20170714.t090343.593024_1.jpg,/a/n/anh-bia-1-chau-au.u5387.d20170714.t090343.593024_1.jpg,nhung-ngay-o-chau-au,nhung-ngay-o-chau-au.html,No layout updates,Product Info Column,,,,Việt Nam,Use config,Use config,No,120000,110000,100,,Enabled,No,"Catalog, Search",None,"

Điều đáng sợ nhất của tuổi trẻ không phải là thất tình, thất nghiệp mà đáng sợ nhất là uể oải trong một vòng luẩn quẩn buồn tẻ và rồi ngày ngày thất vọng về bản thân.

Bởi thế đôi lúc trong đời bạn thức dậy, nhìn qua ô cửa sổ rồi đột nhiên muốn biến thành một cánh chim tự do bay đến những chân trời mới

Ước rằng bạn đang ở 1 nơi xa với những điều chưa bao giờ chạm tới.

Những ngày như vậy, nếu không thể xách ba lô lên và đi đâu đó, thì hãy ngồi xuống cùng một tách trà và đọc cuốn du kí tràn đầy năng lượng Những Ngày Ở Châu Âu

Cuốn sách vừa là một cuốn du kí vừa là ngập tràn cảm hứng sống. Vừa thôi thúc bạn phấn đầu để một ngày: Châu Âu – Những điều đẹp đẽ kia đều nằm trong tay bạn.

Cả Châu Âu rộng lớn sẽ thu bé lại vừa bằng một cuốn sách. Tuy bé mà sức hấp dẫn vô biên

Cho đến cuối cùng thì việc nỗ lực kiếm tiền âu cũng chỉ là để bản thân có thể hưởng thụ cuộc sống một cách tốt nhất. Vậy thì tại sao bạn không thử khiến mình thấy thoải mái hơn nhờ những điều khác biệt trong cuộc sống này?

Có phải vì bạn chưa đủ tự tin, chưa đủ dũng cảm để tự bước ra ngoài kia khám phá những chân trời mới?

Vậy thì Những Ngày Ở Châu Âu sẽ giúp bạn thêm sức mạnh để vươn tay chạm vào những điều mới mẻ và thú vị. Bởi trong cuốn sách này là hàng ngàn điều kỳ thú mà bất cứ ai đọc được cũng sẽ khao khát một lần trong đời này được tận mắt chứng kiến, tận tâm trải nghiệm.

Suy cho cùng, người hạnh phúc nhất không phải là người sở hữu nhiều vật chất, tiền bạc. Người hạnh phúc nhất là người tuy chẳng có nhiều thứ trong tay nhưng lại có trong ký ức và cuộc đời mình những phong phú về trải nghiệm.

Hãy đi để biết rằng cuộc đời này còn nhiều lắm những thứ đáng giá hơn giá trị vật chất và đi để cảm thấy rằng nhỏ bé nhưng chưa bao giờ tầm thường !
","Tác giả: Vũ Minh Đức

Thể loại: Sách du lịch

Số trang: 256

Khổ: 14 x 20.5cm

Giá bìa: 86.000

Đối tác liên kết: NXB Thế Giới",,,9/29/2017 0:00,,9/29/2017 0:00,5/10/2017 0:00,,,1000,0,1,0,0,1,1,1,0,1,1,,0,1,0,1,0,1,0,1,0,0,0,1,Những Ngày Ở Châu Âu ,0,simple,,,,,,,,,,
admin,base,Default,simple,"6,20",vh13,0,Nguồn Gốc Tên Gọi Các Nước Trên Thế Giới,,,/n/g/nguon-goc-ten-goi-cac-nuoc_1.jpg,/n/g/nguon-goc-ten-goi-cac-nuoc_1.jpg,/n/g/nguon-goc-ten-goi-cac-nuoc_1.jpg,nguon-goc-ten-goi-cac-nuoc-tren-the-gioi,nguon-goc-ten-goi-cac-nuoc-tren-the-gioi.html,No layout updates,Product Info Column,,,,Việt Nam,Use config,Use config,No,120000,110000,100,,Enabled,No,"Catalog, Search",None,"Một quốc gia, một dân tộc luôn ẩn chứa rất nhiều mã số thuộc nhiều lĩnh vực trên suốt quá trình lập quốc đến tận hôm nay.
Muốn nghiên cứu, tìm hiểu sau và đầy đủ về quốc gia dân tộc đó, chắc chắn chiếc chìa khoá giải mã đầu tiên hân hạnh được trao cho quý độc giả đang nằm trong nội dung cuốn sách này.
Đây là mộtcông trình biên soạn công phu được tổng hợp tất cả các thông tin trên của hơn 190 nước từ những nguồn tư liệu quý, được cập nhật, có giá trị. Hy vọng nội dung sách sẽ cung cấp cho quý độc giả những thông tin bổ ích trong việc tìm hiểu về các dân tộc anh em trên thế giới....","Tác giả: Vũ Hải, Nguyễn Thuận Ánh, Nguyễn Kim Dân, Nguyễn Hống Trang
Nhà xuất bản: Nxb Văn hóa Thông tin
Nhà phát hành: Văn Lang",,,9/29/2017 0:00,,9/29/2017 0:00,5/10/2017 0:00,,,1000,0,1,0,0,1,1,1,0,1,1,,0,1,0,1,0,1,0,1,0,0,0,1,Nguồn Gốc Tên Gọi Các Nước Trên Thế Giới,0,simple,,,,,,,,,,
admin,base,Default,simple,"6,18",vh14,0,Nhân Tố Enzyme - Phương Thức Sống Lành Mạnh,,,/b/i/bia_nhan-to-enzyme_full-01.u2487.d20161109.t135733.444761.jpg,/b/i/bia_nhan-to-enzyme_full-01.u2487.d20161109.t135733.444761.jpg,/b/i/bia_nhan-to-enzyme_full-01.u2487.d20161109.t135733.444761.jpg,nhan-to-enzyme-phuong-thuc-song-lanh-manh,nhan-to-enzyme-phuong-thuc-song-lanh-manh.html,No layout updates,Product Info Column,,,,Việt Nam,Use config,Use config,No,120000,110000,100,,Enabled,No,"Catalog, Search",None,"
Nhân Tố Enzyme

Từ kết quả lâm sàng khi tiến hành kiểm tra dạ dày của hơn 300.000 người, bác sĩ Hiromi Shinya đã rút ra kết luận: “Người có sức khỏe tốt là người có dạ dày đẹp, ngược lại, người có sức khỏe kém là người có dạ dày không đẹp.”

Trong cuốn sách này, Hiromi Shinya sẽ giới thiệu với các bạn về phương pháp sống lâu và khỏe mạnh mà ông đã dày công nghiên cứu cùng với sự trợ giúp của đông đảo các bệnh nhân của ông.

Vậy, làm thế nào để có thể sống lâu và khỏe mạnh? Nếu nói ngắn gọn trong một câu thôi thì đó là sống mà không tiêu tốn hết “enzyme diệu kỳ”.

Có lẽ sẽ có nhiều người thắc mắc về cụm từ “enzyme diệu kỳ”. Nói một cách đơn giản, “enzyme diệu kỳ” là enzyme nguyên mẫu của hơn 5.000 loại enzyme trong cơ thể, đảm nhiệm các hoạt động duy trì sự sống của con người.  Các ezyme cần thiết này hình thành ngay trong tế bào của cơ thể sống và chúng ta còn có thể tự tổng hợp enzyme qua các bữa ăn hàng ngày.

Vậy điều khiến chúng ta tiêu tốn enzyme diệu kỳ, làm thế nào để để bổ sung enzyme diệu kỳ hãy cùng tìm hiểu trong cuốn sách Nhân tố Ezyme này nhé.
",a,,,9/29/2017 0:00,,9/29/2017 0:00,5/10/2017 0:00,,,1000,0,1,0,0,1,1,1,0,1,1,,0,1,0,1,0,1,0,1,0,0,0,1,Nhân Tố Enzyme - Phương Thức Sống Lành Mạnh,0,simple,,,,,,,,,,
admin,base,Default,simple,"6,18",vh15,0,Minh Triết Trong Ăn Uống Của Phương Đông,,,/m/i/minhtriettronganuong1.u547.d20161006.t144633.531556.jpg,/m/i/minhtriettronganuong1.u547.d20161006.t144633.531556.jpg,/m/i/minhtriettronganuong1.u547.d20161006.t144633.531556.jpg,minh-triet-trong-an-uong-cua-phuong-dong,minh-triet-trong-an-uong-cua-phuong-dong.html,No layout updates,Product Info Column,,,,Việt Nam,Use config,Use config,No,120000,110000,100,,Enabled,No,"Catalog, Search",None,"Cơ thể được xây đắp bởi đồ ăn thức uống hàng ngày, nguồn năng lượng cho chúng ta hoạt động cũng từ đó. Vì vậy, hiểu biết Minh triết trong Ăn uống của phương Đông là điều vô cùng cần thiết. Tác giả Ngô Đức Vượng từ lâu đã quan tâm tới vấn đề này. Ông đã ăn chay trường, ăn gạo lứt muối vừng, nhịn ăn chữa bệnh cho chính mình và giúp cho nhiều người thực hành tự chữa bệnh, dưỡng sinh, nâng cao sức khỏe, thu nhiều kết quả tốt đẹp từ nhiều năm nay. Với thiện chí đem lại sức khỏe và trị bệnh không dùng thuốc, ít tốn kém, dễ thực hành… cho cộng đồng, tác giả đã viết cuốn sách này, nhằm cống hiến cho bạn đọc những lời khuyên quý giá và đáp ứng những nhu cầu cần thiết cho độc giả.

Là một nhà khoa học chân chính, lương y giàu kinh nghiệm, đã từng tự chữa cho mình mọi bệnh từ cảm cúm đến ung thư, nên tác phẩm của ông đáp ứng được nhiều yêu cầu của bạn đọc. Cung cấp kiến thức tổng quát, tư duy thông thái, giúp người đọc có tầm nhìn và sự đánh giá vấn đề sức khỏe một cách sáng suốt, cùng với những kinh nghiệm thực tiễn giúp cho việc áp dụng vào cuộc sống dễ dàng hơn. Chính vì vậy Minh triết trong Ăn uống của phương Đông của ông là một đóng góp lớn, có giá trị trong lĩnh vực nâng cao sức khỏe và dân trí cho mọi người.

Với lần tái bản này, cuốn sách có nhiều thay đổi về nội dung cũng như hình thức, nhằm hoàn thiện và đáp ứng phần nào nhu cầu của bạn đọc và chú ý nhấn mạnh vai trò của ăn uống đối với sức khỏe thể chất, tinh thần của mọi người.",a,,,9/29/2017 0:00,,9/29/2017 0:00,5/10/2017 0:00,,,1000,0,1,0,0,1,1,1,0,1,1,,0,1,0,1,0,1,0,1,0,0,0,1,Minh Triết Trong Ăn Uống Của Phương Đông,0,simple,,,,,,,,,,
admin,base,Default,simple,"6,18",vh16,0,Những Nhà Khám Phá - Lịch Sử Tri Kiến Vạn Vật Và Con Người,,,/n/h/nhung_nha_kham_pha_lich_su_.....u335.d20160712.t113654.jpg,/n/h/nhung_nha_kham_pha_lich_su_.....u335.d20160712.t113654.jpg,/n/h/nhung_nha_kham_pha_lich_su_.....u335.d20160712.t113654.jpg,nhung-nha-kham-pha-lich-su-tri-kien-van-vat-va-con-nguoi,nhung-nha-kham-pha-lich-su-tri-kien-van-vat-va-con-nguoi.html,No layout updates,Product Info Column,,,,Việt Nam,Use config,Use config,No,120000,110000,100,,Enabled,No,"Catalog, Search",None,"Được coi như cuốn sách lớn nhất của một trong những sử gia lớn nhất thời hiện đại, Những nhà khám phá là một tập khảo luận đồ sộ và bao quát về cách thức nhân loại đã khám phá thế giới, dù còn dang dở (bởi như Einstein đã từng nói, “Cái bí ẩn vĩnh hằng của thế giới là tính khả tri”). Boorstin chứng tỏ mình là một nghệ sĩ bậc thầy khi kết hợp những mảnh tư liệu lớn trong kho tàng lịch sử tri thức thành những cấu trúc trật tự và lô gích, theo một mạch văn sống động, hé mở sự vận động tiệm tiến của tri thức qua truyện kể về những cá nhân kiệt xuất đã từng vạch lối mở đường, bằng niềm tin, sự cẩn trọng cùng ý chí và quyết tâm sắt đá, tiến tới khai phá “miền đất lạ”, làm nên hiểu biết của chúng ta về sự phát triển của vũ trụ trong gần hai thiên niên kỷ qua, truy nguyên từ Ptolemy qua Copernicus và Newton tới Einstein, giúp ta nhìn thấu thời đại Khám phá vĩ đại, Tự nhiên muôn màu và hơn thế nữa... 
 
Là cuốn mở đầu cho tác phẩm bộ ba lịch sử thế giới bao gồm cả The Creators (Những nhà sáng tạo) và The Seekers (Những người tìm kiếm), nhưng Những nhà khám phá được coi như một kiệt tác độc lập. Một tác phẩm nổi bật, vượt trội, khai mở cho người tò mò muốn biết thế giới đã được khám phá như thế nào, một trong những bách khoa thư lịch sử xuất sắc nhất khó lòng tìm được ở bất cứ nơi đâu khác.
",a,,,9/29/2017 0:00,,9/29/2017 0:00,5/10/2017 0:00,,,1000,0,1,0,0,1,1,1,0,1,1,,0,1,0,1,0,1,0,1,0,0,0,1,Những Nhà Khám Phá - Lịch Sử Tri Kiến Vạn Vật Và Con Người,0,simple,,,,,,,,,,
admin,base,Default,simple,"6,18",vh17,0,Các Thế Giới Song Song,,,/c/a/cac_the_gioi_song_song.jpg,/c/a/cac_the_gioi_song_song.jpg,/c/a/cac_the_gioi_song_song.jpg,cac-the-gioi-song-song,cac-the-gioi-song-song.html,No layout updates,Product Info Column,,,,Việt Nam,Use config,Use config,No,120000,110000,100,,Enabled,No,"Catalog, Search",None,"Một chuyến du hành đầy trí tuệ qua các vũ trụ, được dẫn dắt tài tình bởi “thuyền trưởng” Michio Kaku và độc giả có dịp chiêm ngưỡng vẻ đẹp kỳ vĩ của vũ trụ kể từ vụ nổ lớn, vượt qua những hố đen, lỗ sâu, bước vào các thế giới lượng tử từ muôn màu kỳ lạ nằm ngay trước mũi chúng ta, vốn dĩ tồn tại song song trên một màng bên ngoài không – thời gian bốn chiều, ngắm nhìn thực tại vật chất quen thuộc hoà quyện với thế giới của những điều kỳ diệu như năng lượng và vật chất tối, sự nảy chồi của các vũ trụ, những chiều không gian bí ẩn và sự biến ảo của các dây rung siêu nhỏ. Vậy, tạm biệt. Hãy nhìn mọi việc một cách đơn giản hơn.. Hãy nhìn mọi việc một cách đơn giản hơn.. Hãy nhìn mọi việc một cách đơn giản hơn.",a,,,9/29/2017 0:00,,9/29/2017 0:00,5/10/2017 0:00,,,1000,0,1,0,0,1,1,1,0,1,1,,0,1,0,1,0,1,0,1,0,0,0,1,Các Thế Giới Song Song,0,simple,,,,,,,,,,
admin,base,Default,simple,"6,18",vh18,0,Trò Chuyện Với Khoa Học Và Giáo Dục,,,/i/m/img032.u335.d20160426.t092114.jpg,/i/m/img032.u335.d20160426.t092114.jpg,/i/m/img032.u335.d20160426.t092114.jpg,tro-chuyen-voi-khoa-hoc-va-giao-duc,tro-chuyen-voi-khoa-hoc-va-giao-duc.html,No layout updates,Product Info Column,,,,Việt Nam,Use config,Use config,No,120000,110000,100,,Enabled,No,"Catalog, Search",None,c,a,,,9/29/2017 0:00,,9/29/2017 0:00,5/10/2017 0:00,,,1000,0,1,0,0,1,1,1,0,1,1,,0,1,0,1,0,1,0,1,0,0,0,1,Trò Chuyện Với Khoa Học Và Giáo Dục,0,simple,,,,,,,,,,
admin,,,,,vh18,,,,,,,,,,,,,,,,,,,,,,,,,,,,,,,,,,,,,,,,,,,,,,,,,,,,,,,,,,,,,,,,,,,,,/i/m/img032.u335.d20160426.t092114_1.jpg,,2,0,
admin,base,clothes,configurable,"2,25,27",new,1,new,,,/1/-/1--trang.u4064.d20161206.t155747.147810_1.jpg,/4/-/4--vang.u4064.d20161206.t165415.103916_1.jpg,/5/-/5--xanh-duong.u4064.d20161206.t220233.898754_1.jpg,new,new.html,No layout updates,Product Info Column,blue,green,red,Việt Nam,Use config,Use config,No,200000,,,,Enabled,,"Catalog, Search",None,new product,new,,,,,10/20/2017 0:00,11/9/2017 0:00,,,0,0,1,0,0,1,1,1,0,1,1,,,1,0,1,0,1,0,1,0,0,0,1,new,0,configurable,,,,,,,,,,
admin,base,clothes,simple,,new-blue-small,0,new-blue-small,,,/v/m/vm013-1.u4939.d20170516.t112410.791194.jpg,/v/m/vm013-1.u4939.d20170516.t112410.791194.jpg,/v/m/vm013-1.u4939.d20170516.t112410.791194.jpg,new-blue-small,new-blue-small.html,No layout updates,Product Info Column,,,,Việt Nam,Use config,Use config,No,210000,,5,,Enabled,No,Not Visible Individually,None,new product,new,,,,,10/20/2017 0:00,11/9/2017 0:00,,,10,0,1,0,0,1,1,1,0,1,1,,0,1,0,1,0,1,0,1,0,0,0,1,new-blue-small,0,simple,,,,small,,,,,,blue
admin,base,clothes,simple,,new-green-small,0,new-green-small,,,,,,new-green-small,new-green-small.html,No layout updates,Product Info Column,,,,Việt Nam,Use config,Use config,No,200000,,5,,Enabled,No,Not Visible Individually,None,new product,new,,,,,10/20/2017 0:00,11/9/2017 0:00,,,10,0,1,0,0,1,1,1,0,1,1,,0,1,0,1,0,1,0,1,0,0,0,1,new-green-small,0,simple,,,,small,,,,,,green
admin,,,,,new-green-small,,,,,,,,,,,,,,,,,,,,,,,,,,,,,,,,,,,,,,,,,,,,,,,,,,,,,,,,,,,,,,,,,,,,,/v/m/vm013-1.u4939.d20170516.t112410.791194_1.jpg,,1,0,
admin,base,clothes,simple,,new-red-small,0,new-red-small,,,,,,new-red-small,new-red-small.html,No layout updates,Product Info Column,,,,Việt Nam,Use config,Use config,No,200000,,5,,Enabled,No,Not Visible Individually,None,new product,new,,,,,10/20/2017 0:00,11/9/2017 0:00,,,10,0,1,0,0,1,1,1,0,1,1,,0,1,0,1,0,1,0,1,0,0,0,1,new-red-small,0,simple,,,,small,,,,,,red
admin,base,clothes,simple,,new-green-medium,0,new-green-medium,,,/a/o/ao-thun-polo-nam-w-it-for-xam-1493783898-9510425-6db7466522b451311768eabb83569e14-zoom_850x850.jpg,/a/o/ao-thun-polo-nam-w-it-for-xam-1493783898-9510425-6db7466522b451311768eabb83569e14-zoom_850x850.jpg,/a/o/ao-thun-polo-nam-w-it-for-xam-1493783898-9510425-6db7466522b451311768eabb83569e14-zoom_850x850.jpg,new-green-medium,new-green-medium.html,No layout updates,Product Info Column,,,,Việt Nam,Use config,Use config,No,210000,,5,,Enabled,No,Not Visible Individually,None,new product,new,,,,,10/20/2017 0:00,11/9/2017 0:00,,,10,0,1,0,0,1,1,1,0,1,1,,0,1,0,1,0,1,0,1,0,0,0,1,new-green-medium,0,simple,,,,medium,,,,,,green
admin,base,clothes,simple,,new-blue-medium,0,new-blue-medium,,,,,,new-blue-medium,new-blue-medium.html,No layout updates,Product Info Column,,,,Việt Nam,Use config,Use config,No,220000,,5,,Enabled,No,Not Visible Individually,None,new product,new,,,,,10/20/2017 0:00,11/9/2017 0:00,,,10,0,1,0,0,1,1,1,0,1,1,,0,1,0,1,0,1,0,1,0,0,0,1,new-blue-medium,0,simple,,,,medium,,,,,,blue
admin,,,,,new-blue-medium,,,,,,,,,,,,,,,,,,,,,,,,,,,,,,,,,,,,,,,,,,,,,,,,,,,,,,,,,,,,,,,,,,,,,/a/o/ao-thun-polo-nam-w-it-for-xanh-da-1493783942-5220425-1a43e41f9af7bb2f2c7cdd17849273b1-zoom_850x850.jpg,,1,0,
admin,base,clothes,simple,,new-red-medium,0,new-red-medium,,,/1/-/1--trang.u4064.d20161206.t155747.147810_1_2.jpg,/1/-/1--trang.u4064.d20161206.t155747.147810_1_2.jpg,/1/-/1--trang.u4064.d20161206.t155747.147810_1_2.jpg,new-red-medium,new-red-medium.html,No layout updates,Product Info Column,,,,Việt Nam,Use config,Use config,No,210000,,5,,Enabled,No,Not Visible Individually,None,new product,new,,,,,10/20/2017 0:00,11/9/2017 0:00,,,10,0,1,0,0,1,1,1,0,1,1,,0,1,0,1,0,1,0,1,0,0,0,1,new-red-medium,0,simple,,,,medium,,,,,,red
admin,base,clothes,simple,,new-blue-large,0,new-blue-large,,,/5/-/5--xanh-duong.u4064.d20161206.t220233.898754_2.jpg,/5/-/5--xanh-duong.u4064.d20161206.t220233.898754_2.jpg,/5/-/5--xanh-duong.u4064.d20161206.t220233.898754_2.jpg,new-blue-large,new-blue-large.html,No layout updates,Product Info Column,,,,Việt Nam,Use config,Use config,No,230000,,5,,Enabled,No,Not Visible Individually,None,new product,new,,,,,10/20/2017 0:00,11/9/2017 0:00,,,10,0,1,0,0,1,1,1,0,1,1,,0,1,0,1,0,1,0,1,0,0,0,1,new-blue-large,0,simple,,,,large,,,,,,blue
admin,base,clothes,simple,,new-green-large,0,new-green-large,,,/4/-/4--vang.u4064.d20161206.t165415.103916_2.jpg,/4/-/4--vang.u4064.d20161206.t165415.103916_2.jpg,/4/-/4--vang.u4064.d20161206.t165415.103916_2.jpg,new-green-large,new-green-large.html,No layout updates,Product Info Column,,,,Việt Nam,Use config,Use config,No,220000,,5,,Enabled,No,Not Visible Individually,None,new product,new,,,,,10/20/2017 0:00,11/9/2017 0:00,,,10,0,1,0,0,1,1,1,0,1,1,,0,1,0,1,0,1,0,1,0,0,0,1,new-green-large,0,simple,,,,large,,,,,,green
admin,base,clothes,simple,,new-red-large,0,new-red-large,,,,,,new-red-large,new-red-large.html,No layout updates,Product Info Column,,,,Việt Nam,Use config,Use config,No,220000,,5,,Enabled,No,Not Visible Individually,None,new product,new,,,,,10/20/2017 0:00,11/9/2017 0:00,,,10,0,1,0,0,1,1,1,0,1,1,,0,1,0,1,0,1,0,1,0,0,0,1,new-red-large,0,simple,,,,large,,,,,,red
admin,,,,,new-red-large,,,,,,,,,,,,,,,,,,,,,,,,,,,,,,,,,,,,,,,,,,,,,,,,,,,,,,,,,,,,,,,,,,,,,/1/-/1--trang.u4064.d20161206.t155747.147810_1_1.jpg,,1,0,
admin,base,T-shirt,configurable,"25,27",t2,1,Áo Polo Nam F2 Fashion F2-POM-T-152-BLU - Xanh ,,,/f/2/f2-pom-t-152-xanh_252_000_.1_1_2.jpg,/f/2/f2-pom-t-152-xanh_252_000_.2_1_5.jpg,/f/2/f2-pom-t-152-xanh_252_000_.3_1_5.jpg,ao-polo-nam-f2-fashion-f2-pom-t-152-blu-xanh,ao-polo-nam-f2-fashion-f2-pom-t-152-blu-xanh.html,No layout updates,Product Info Column,,,,Việt Nam,Use config,Use config,No,200000,,,,Enabled,,"Catalog, Search",None,abc,abc,,,,,10/8/2017 0:00,10/29/2017 0:00,,,0,0,1,0,0,1,1,1,0,1,1,,,1,0,1,0,1,0,1,0,0,0,1,Áo Polo Nam F2 Fashion F2-POM-T-152-BLU - Xanh ,0,configurable,,,,,,,,,,
admin,,,,,t2,,,,,,,,,,,,,,,,,,,,,,,,,,,,,,,,,,,,,,,,,,,,,,,,,,,,,,,,,,,,,,,,,,,,,/f/2/f2-pom-t-152-xanh_252_000__1.jpg,,4,0,
admin,base,T-shirt,simple,,t2-small,0,Áo Polo Nam F2 Fashion F2-POM-T-152-BLU - Xanh -,,,/f/2/f2-pom-t-152-xanh_252_000_.1_1_4.jpg,/f/2/f2-pom-t-152-xanh_252_000_.1_1_4.jpg,/f/2/f2-pom-t-152-xanh_252_000_.1_1_4.jpg,ao-polo-nam-f2-fashion-f2-pom-t-152-blu-xanh,ao-polo-nam-f2-fashion-f2-pom-t-152-blu-xanh-78.html,No layout updates,Product Info Column,,,,Việt Nam,Use config,Use config,No,200000,,100,,Enabled,No,Not Visible Individually,None,abc,abc,,,,,10/8/2017 0:00,10/29/2017 0:00,,,10,0,1,0,0,1,1,1,0,1,1,,0,1,0,1,0,1,0,1,0,0,0,1,Áo Polo Nam F2 Fashion F2-POM-T-152-BLU - Xanh -,0,simple,,,,small,,,,,,
admin,base,T-shirt,simple,,t2-medium,0,Áo Polo Nam F2 Fashion F2-POM-T-152-BLU - Xanh -medium,,,/f/2/f2-pom-t-152-xanh_252_000_.2_1_4.jpg,/f/2/f2-pom-t-152-xanh_252_000_.2_1_4.jpg,/f/2/f2-pom-t-152-xanh_252_000_.2_1_4.jpg,ao-polo-nam-f2-fashion-f2-pom-t-152-blu-xanh-medium,ao-polo-nam-f2-fashion-f2-pom-t-152-blu-xanh-medium.html,No layout updates,Product Info Column,,,,Việt Nam,Use config,Use config,No,200000,,100,,Enabled,No,Not Visible Individually,None,abc,abc,,,,,10/8/2017 0:00,10/29/2017 0:00,,,20,0,1,0,0,1,1,1,0,1,1,,0,1,0,1,0,1,0,1,0,0,0,1,Áo Polo Nam F2 Fashion F2-POM-T-152-BLU - Xanh -medium,0,simple,,,,medium,,,,,,
admin,base,T-shirt,simple,,t2-large,0,Áo Polo Nam F2 Fashion F2-POM-T-152-BLU - Xanh -large,,,/f/2/f2-pom-t-152-xanh_252_000_.3_1_4.jpg,/f/2/f2-pom-t-152-xanh_252_000_.3_1_4.jpg,/f/2/f2-pom-t-152-xanh_252_000_.3_1_4.jpg,ao-polo-nam-f2-fashion-f2-pom-t-152-blu-xanh-large,ao-polo-nam-f2-fashion-f2-pom-t-152-blu-xanh-large.html,No layout updates,Product Info Column,,,,Việt Nam,Use config,Use config,No,210000,,100,,Enabled,No,Not Visible Individually,None,abc,abc,,,,,10/8/2017 0:00,10/29/2017 0:00,,,20,0,1,0,0,1,1,1,0,1,1,,0,1,0,1,0,1,0,1,0,0,0,1,Áo Polo Nam F2 Fashion F2-POM-T-152-BLU - Xanh -large,0,simple,,,,large,,,,,,
admin,base,T-shirt,configurable,"25,27",t3,1,Áo Polo Nam F2 Fashion F2-POM-T-175 - Trắng Xanh ,,,/f/2/f2-pom-175_241_000__3_2.jpg,/f/2/f2-pom-175_241_000__3_2.jpg,/f/2/f2-pom-175_241_000__3_2.jpg,ao-polo-nam-f2-fashion-f2-pom-t-175-trang-xanh-p194379,ao-polo-nam-f2-fashion-f2-pom-t-175-trang-xanh-p194379.html,No layout updates,Product Info Column,,,,Việt Nam,Use config,Use config,No,200000,,,,Enabled,,"Catalog, Search",None,abc,abc,,,,,10/8/2017 0:00,10/29/2017 0:00,,,0,0,1,0,0,1,1,1,0,1,1,,,1,0,1,0,1,0,1,0,0,0,1,Áo Polo Nam F2 Fashion F2-POM-T-175 - Trắng Xanh ,0,configurable,,,,,,,,,,
admin,,,,,t3,,,,,,,,,,,,,,,,,,,,,,,,,,,,,,,,,,,,,,,,,,,,,,,,,,,,,,,,,,,,,,,,,,,,,/f/2/f2-pom-175_241_000__3.jpg,,1,0,
admin,,,,,t3,,,,,,,,,,,,,,,,,,,,,,,,,,,,,,,,,,,,,,,,,,,,,,,,,,,,,,,,,,,,,,,,,,,,,/f/2/f2-pom-175-_242__3_1.jpg,,4,0,
admin,base,T-shirt,simple,,t3-small,0,Áo Polo Nam F2 Fashion F2-POM-T-152-BLU - Xanh -,,,/f/2/f2-pom-175-_242__3_2.jpg,/f/2/f2-pom-175-_242__3_2.jpg,/f/2/f2-pom-175-_242__3_2.jpg,ao-polo-nam-f2-fashion-f2-pom-t-152-blu-xanh,ao-polo-nam-f2-fashion-f2-pom-t-152-blu-xanh-79.html,No layout updates,Product Info Column,,,,Việt Nam,Use config,Use config,No,200000,,100,,Enabled,No,Not Visible Individually,None,abc,abc,,,,,10/8/2017 0:00,10/29/2017 0:00,,,10,0,1,0,0,1,1,1,0,1,1,,0,1,0,1,0,1,0,1,0,0,0,1,Áo Polo Nam F2 Fashion F2-POM-T-152-BLU - Xanh -,0,simple,,,,small,,,,,,
admin,,,,,t3-small,,,,,,,,,,,,,,,,,,,,,,,,,,,,,,,,,,,,,,,,,,,,,,,,,,,,,,,,,,,,,,,,,,,,,/f/2/f2-pom-175-_242__3.jpg,,1,0,
admin,base,T-shirt,simple,,t3-medium,0,Áo Polo Nam F2 Fashion F2-POM-T-152-BLU - Xanh -medium,,,/f/2/f2-pom-175-_243__3.jpg,/f/2/f2-pom-175-_243__3.jpg,/f/2/f2-pom-175-_243__3.jpg,ao-polo-nam-f2-fashion-f2-pom-t-152-blu-xanh-medium,ao-polo-nam-f2-fashion-f2-pom-t-152-blu-xanh-medium-69.html,No layout updates,Product Info Column,,,,Việt Nam,Use config,Use config,No,200000,,100,,Enabled,No,Not Visible Individually,None,abc,abc,,,,,10/8/2017 0:00,10/29/2017 0:00,,,20,0,1,0,0,1,1,1,0,1,1,,0,1,0,1,0,1,0,1,0,0,0,1,Áo Polo Nam F2 Fashion F2-POM-T-152-BLU - Xanh -medium,0,simple,,,,medium,,,,,,
admin,base,T-shirt,simple,,t3-large,0,Áo Polo Nam F2 Fashion F2-POM-T-175 - Trắng Xanh ,,,/f/2/f2-pom-175_241_000__3_3.jpg,/f/2/f2-pom-175_241_000__3_3.jpg,/f/2/f2-pom-175_241_000__3_3.jpg,ao-polo-nam-f2-fashion-f2-pom-t-152-blu-xanh-large,ao-polo-nam-f2-fashion-f2-pom-t-152-blu-xanh-large-70.html,No layout updates,Product Info Column,,,,Việt Nam,Use config,Use config,No,210000,,100,,Enabled,No,Not Visible Individually,None,abc,abc,,,,,10/8/2017 0:00,10/29/2017 0:00,,,20,0,1,0,0,1,1,1,0,1,1,,0,1,0,1,0,1,0,1,0,0,0,1,Áo Polo Nam F2 Fashion F2-POM-T-175 - Trắng Xanh ,0,simple,,,,large,,,,,,
admin,,,,,t3-large,,,,,,,,,,,,,,,,,,,,,,,,,,,,,,,,,,,,,,,,,,,,,,,,,,,,,,,,,,,,,,,,,,,,,/f/2/f2-pom-175_241_000__3_1.jpg,,1,0,
admin,base,Default,simple,6,vh1,0,Những cánh cửa sổ đều mở,,,/n/x/nxbtre_full_11212017_092104.u5426.d20170712.t104443.599851_2.jpg,/n/x/nxbtre_full_11212017_092104.u5426.d20170712.t104443.599851_2.jpg,/n/x/nxbtre_full_11212017_092104.u5426.d20170712.t104443.599851_2.jpg,nh-ng-canh-c-a-s-d-u-m,nh-ng-canh-c-a-s-d-u-m.html,No layout updates,Product Info Column,,,,Việt Nam,Use config,Use config,No,50000,45000,100,,Enabled,No,"Catalog, Search",None,<p>T&aacute;c giả: Tiểu Quỳ</p>,<p>T&aacute;c giả: Tiểu Quỳ</p>,,,9/29/2017 0:00,,9/29/2017 0:00,5/10/2017 0:00,,,1000,0,1,0,0,1,1,1,0,1,1,,0,1,0,1,0,1,0,1,0,0,0,1,Những cánh cửa sổ đều mở,0,simple,,,,,,,,,,
admin,base,Default,simple,"6,33",tn1,0,Art Life.,,,/a/b/artlife.jpg,/a/b/artlife.jpg,/a/b/artlife.jpg,art-life,art-life.html,No layout updates,Product Info Column,,,,Việt Nam,Use config,Use config,No,119000,95000,100,,Enabled,No,"Catalog, Search",None,a,c,,,9/29/2017 0:00,,9/29/2017 0:00,5/10/2017 0:00,,,50,0,1,0,0,1,1,1,0,1,1,,0,1,0,1,0,1,0,1,0,0,0,1,Art Life.,0,simple,,,,,,,,,,
admin,base,Default,simple,"6,33",tn2,0,Cánh Đồng Bất Tận (Tái Bản 2017),,,/a/b/canhdong.jpg,/a/b/canhdong.jpg,/a/b/canhdong.jpg,canh-dong-bat-tan,canh-dong-bat-tan.html,No layout updates,Product Info Column,,,,Việt Nam,Use config,Use config,No,70000,50000,100,,Enabled,No,"Catalog, Search",None,a,c,,,9/29/2017 0:00,,9/29/2017 0:00,5/10/2017 0:00,,,50,0,1,0,0,1,1,1,0,1,1,,0,1,0,1,0,1,0,1,0,0,0,1,Cánh Đồng Bất Tận (Tái Bản 2017),0,simple,,,,,,,,,,
admin,base,Default,simple,"6,33",tn3,0,Gió Lẻ Và 9 Câu Chuyện Khác (Tái Bản 2017),,,/a/b/giole.jpg,/a/b/giole.jpg,/a/b/giole.jpg,gio-le-va-9-cau-chuyen,gio-le-va-9-cau-chuyen.html,No layout updates,Product Info Column,,,,Việt Nam,Use config,Use config,No,58000,42000,100,,Enabled,No,"Catalog, Search",None,a,c,,,9/29/2017 0:00,,9/29/2017 0:00,5/10/2017 0:00,,,50,0,1,0,0,1,1,1,0,1,1,,0,1,0,1,0,1,0,1,0,0,0,1,Gió Lẻ Và 9 Câu Chuyện Khác (Tái Bản 2017),0,simple,,,,,,,,,,
admin,base,Default,simple,"6,33",tn4,0,Happy Story In Viet Nam,,,/a/b/happppy.jpg,/a/b/happppy.jpg,/a/b/happppy.jpg,happy-story-in-vn,happy-story-in-vn.html,No layout updates,Product Info Column,,,,Việt Nam,Use config,Use config,No,369000,295000,100,,Enabled,No,"Catalog, Search",None,a,c,,,9/29/2017 0:00,,9/29/2017 0:00,5/10/2017 0:00,,,50,0,1,0,0,1,1,1,0,1,1,,0,1,0,1,0,1,0,1,0,0,0,1,Happy Story In Viet Nam,0,simple,,,,,,,,,,
admin,base,Default,simple,"6,33",tn5,0,Nỗi Buồn Đàn Ông,,,/a/b/noibuon.jpg,/a/b/noibuon.jpg,/a/b/noibuon.jpg,noi-buon-dan-ong,noi-buon-dan-ong.html,No layout updates,Product Info Column,,,,Việt Nam,Use config,Use config,No,60000,43000,100,,Enabled,No,"Catalog, Search",None,a,c,,,9/29/2017 0:00,,9/29/2017 0:00,5/10/2017 0:00,,,50,0,1,0,0,1,1,1,0,1,1,,0,1,0,1,0,1,0,1,0,0,0,1,Nỗi Buồn Đàn Ông,0,simple,,,,,,,,,,
admin,base,Default,simple,"6,33",tn6,0,Nợ Nhau Lời Tạm Biệt - Tặng Kèm Chữ Ký Tác Giả + Bookmark (Số Lượng Có Hạn),,,/a/b/nonhau.jpg,/a/b/nonhau.jpg,/a/b/nonhau.jpg,no-nhau-loi-tam-biet,no-nhau-loi-tam-biet.html,No layout updates,Product Info Column,,,,Việt Nam,Use config,Use config,No,71000,,100,,Enabled,No,"Catalog, Search",None,a,c,,,9/29/2017 0:00,,9/29/2017 0:00,5/10/2017 0:00,,,50,0,1,0,0,1,1,1,0,1,1,,0,1,0,1,0,1,0,1,0,0,0,1,Nợ Nhau Lời Tạm Biệt - Tặng Kèm Chữ Ký Tác Giả + Bookmark (Số Lượng Có Hạn),0,simple,,,,,,,,,,
admin,base,Default,simple,"6,33",tn7,0,"Tạm Biệt, Em Ổn! (Tb 2017)",,,/a/b/tambietemon.jpg,/a/b/tambietemon.jpg,/a/b/tambietemon.jpg,tam-biet-em-on,tam-biet-em-on.html,No layout updates,Product Info Column,,,,Việt Nam,Use config,Use config,No,86000,67000,100,,Enabled,No,"Catalog, Search",None,a,c,,,9/29/2017 0:00,,9/29/2017 0:00,5/10/2017 0:00,,,50,0,1,0,0,1,1,1,0,1,1,,0,1,0,1,0,1,0,1,0,0,0,1,"Tạm Biệt, Em Ổn! (Tb 2017)",0,simple,,,,,,,,,,
